Net Name, Vias, No Ref, Max, Min, Typ, Max, Min, Typ, Length, Delay(ns), R(mOhm), L(nH), C(pF)
FU_DDR4_DM_DBI0_N,2,0,48,39,48,98.29,1.71,98.29,74.367,0.522,804.488,24.991,10.901
FU_DDR4_DM_DBI1_N,2,0,48,39,48,97.66,2.34,97.66,54.477,0.382,586.779,18.275,7.99
FU_DDR4_DM_DBI2_N,2,0,53.6,39,48,0.31,1.94,97.75,65.561,0.46,708.102,22.025,9.609
FU_DDR4_DM_DBI3_N,2,0,63.3,39,48,0.41,1.97,97.62,64.711,0.454,698.794,21.76,9.478
FU_DDR4_DM_DBI4_N,2,0,48,39,48,96.32,3.68,96.32,34.587,0.242,369.073,11.559,5.079
FU_DDR4_DM_DBI5_N,2,0,48,39,48,95.77,4.23,95.77,30.065,0.21,319.578,10.032,4.417
FU_DDR4_DM_DBI6_N,2,0,53.6,39,48,0.99,3.15,95.86,40.417,0.283,432.885,13.543,5.926
FU_DDR4_DM_DBI7_N,2,0,48,39,48,96.08,3.92,96.08,32.468,0.227,345.879,10.844,4.769
FU_DDR4_DM_DBI8_N,2,0,63.3,39,48,1.04,3.32,95.63,38.325,0.268,409.993,12.866,5.613
FU_DDR4_DM_DBI9_N,2,0,48,39,48,97.15,2.85,97.15,44.598,0.313,478.654,14.939,6.544
FU_DDR4_DQ0,2,0,48,39,48,98.28,1.72,98.28,73.817,0.518,798.467,24.805,10.82
FU_DDR4_DQ1,2,0,48,39,48,98.28,1.72,98.28,74.081,0.52,801.353,24.894,10.859
FU_DDR4_DQ2,2,0,48,39,48,98.27,1.73,98.27,73.582,0.516,795.894,24.726,10.786
FU_DDR4_DQ3,2,0,48,39,48,98.29,1.71,98.29,74.241,0.521,803.103,24.948,10.882
FU_DDR4_DQ4,2,0,48,39,48,98.27,1.73,98.27,73.736,0.517,797.576,24.778,10.808
FU_DDR4_DQ5,2,0,48,39,48,98.29,1.71,98.29,74.353,0.522,804.328,24.986,10.899
FU_DDR4_DQ6,2,0,48,39,48,98.28,1.72,98.28,73.794,0.518,798.216,24.798,10.817
FU_DDR4_DQ7,2,0,48,39,48,98.28,1.72,98.28,74.053,0.52,801.045,24.885,10.855
FU_DDR4_DQ8,2,0,48,39,48,97.66,2.34,97.66,54.487,0.382,586.891,18.278,7.991
FU_DDR4_DQ9,2,0,48,39,48,97.68,2.32,97.68,54.943,0.385,591.878,18.432,8.058
FU_DDR4_DQ10,2,0,48,39,48,97.67,2.33,97.67,54.531,0.382,587.373,18.293,7.998
FU_DDR4_DQ11,2,0,48,39,48,97.68,2.32,97.68,54.85,0.385,590.867,18.401,8.045
FU_DDR4_DQ12,2,0,48,39,48,97.66,2.34,97.66,54.488,0.382,586.896,18.279,7.991
FU_DDR4_DQ13,2,0,48,39,48,97.68,2.32,97.68,54.896,0.385,591.365,18.417,8.051
FU_DDR4_DQ14,2,0,48,39,48,97.67,2.33,97.67,54.532,0.382,587.377,18.293,7.998
FU_DDR4_DQ15,2,0,48,39,48,97.68,2.32,97.68,54.943,0.385,591.883,18.432,8.058
FU_DDR4_DQ16,2,0,63.3,39,48,0.31,1.96,97.74,65.05,0.456,702.507,21.867,9.53
FU_DDR4_DQ17,2,0,53.6,39,48,0.31,1.94,97.75,65.575,0.46,708.254,22.03,9.611
FU_DDR4_DQ18,2,0,63.3,39,48,1.14,1.96,96.9,64.948,0.456,701.39,21.893,9.497
FU_DDR4_DQ19,2,0,53.6,39,48,0.44,1.94,97.62,65.523,0.46,707.686,22.016,9.602
FU_DDR4_DQ20,2,0,63.3,39,48,0.31,1.96,97.74,65.078,0.456,702.809,21.877,9.534
FU_DDR4_DQ21,2,0,48,39,48,98.11,1.89,98.11,67.46,0.473,728.88,22.659,9.89
FU_DDR4_DQ22,2,0,63.3,39,48,0.36,1.96,97.68,64.951,0.456,701.424,21.838,9.515
FU_DDR4_DQ23,2,0,48,39,48,98.11,1.89,98.11,67.199,0.471,726.026,22.571,9.852
FU_DDR4_DQ24,2,0,63.3,39,48,0.37,1.97,97.66,64.744,0.454,699.156,21.769,9.484
FU_DDR4_DQ25,2,0,53.6,39,48,0.4,1.95,97.65,65.34,0.458,705.679,21.953,9.576
FU_DDR4_DQ26,2,0,63.3,39,48,0.33,1.97,97.7,64.755,0.454,699.28,21.77,9.487
FU_DDR4_DQ27,2,0,53.6,39,48,0.38,1.94,97.68,65.441,0.459,706.788,21.986,9.591
FU_DDR4_DQ28,2,0,48,39,48,98.1,1.9,98.1,66.926,0.469,723.04,22.479,9.812
FU_DDR4_DQ29,2,0,53.6,39,48,1.34,1.95,96.71,65.254,0.458,704.734,21.946,9.553
FU_DDR4_DQ30,2,0,63.3,39,48,0.31,1.96,97.73,64.795,0.454,699.716,21.781,9.493
FU_DDR4_DQ31,2,0,53.6,39,48,1.76,1.94,96.3,65.566,0.46,708.155,22.062,9.594
FU_DDR4_DQ32,2,0,48,39,48,96.52,3.48,96.52,36.607,0.256,391.183,12.241,5.375
FU_DDR4_DQ33,2,0,48,39,48,96.35,3.65,96.35,34.869,0.244,372.158,11.654,5.12
FU_DDR4_DQ34,2,0,48,39,48,96.51,3.49,96.51,36.448,0.255,389.442,12.187,5.351
FU_DDR4_DQ35,2,0,48,39,48,96.33,3.67,96.33,34.701,0.243,370.328,11.598,5.096
FU_DDR4_DQ36,2,0,48,39,48,96.51,3.49,96.51,36.42,0.255,389.134,12.178,5.347
FU_DDR4_DQ37,2,0,48,39,48,96.34,3.66,96.34,34.795,0.244,371.35,11.629,5.11
FU_DDR4_DQ38,2,0,48,39,48,96.5,3.5,96.5,36.385,0.255,388.75,12.166,5.342
FU_DDR4_DQ39,2,0,48,39,48,96.32,3.68,96.32,34.571,0.242,368.903,11.554,5.077
FU_DDR4_DQ40,2,0,48,39,48,95.75,4.25,95.75,29.965,0.21,318.487,9.999,4.403
FU_DDR4_DQ41,2,0,48,39,48,95.53,4.47,95.53,28.463,0.199,302.051,9.492,4.183
FU_DDR4_DQ42,2,0,48,39,48,95.79,4.21,95.79,30.235,0.212,321.446,10.09,4.442
FU_DDR4_DQ43,2,0,48,39,48,95.5,4.5,95.5,28.297,0.198,300.227,9.435,4.159
FU_DDR4_DQ44,2,0,48,39,48,95.81,4.19,95.81,30.366,0.212,322.876,10.134,4.461
FU_DDR4_DQ45,2,0,48,39,48,95.48,4.52,95.48,28.146,0.197,298.58,9.384,4.137
FU_DDR4_DQ46,2,0,48,39,48,95.8,4.2,95.8,30.334,0.212,322.527,10.123,4.457
FU_DDR4_DQ47,2,0,48,39,48,95.52,4.48,95.52,28.414,0.199,301.513,9.475,4.176
FU_DDR4_DQ48,2,0,48,39,48,96.99,3.01,96.99,42.309,0.296,453.594,14.166,6.209
FU_DDR4_DQ49,2,0,53.6,39,48,0.99,3.15,95.86,40.389,0.283,432.586,13.533,5.922
FU_DDR4_DQ50,2,0,48,39,48,96.99,3.01,96.99,42.248,0.296,452.923,14.146,6.2
FU_DDR4_DQ51,2,0,53.6,39,48,1.04,3.14,95.82,40.51,0.284,433.907,13.575,5.939
FU_DDR4_DQ52,2,0,48,39,48,96.98,3.02,96.98,42.185,0.296,452.236,14.125,6.191
FU_DDR4_DQ53,2,0,53.6,39,48,0.98,3.13,95.89,40.683,0.285,435.795,13.632,5.965
FU_DDR4_DQ54,2,0,48,39,48,97.01,2.99,97.01,42.559,0.298,456.327,14.251,6.246
FU_DDR4_DQ55,2,0,53.6,39,48,0.51,3.13,78.64,40.63,0.284,435.219,13.786,5.88
FU_DDR4_DQ56,2,0,48,39,48,96.06,3.94,96.06,32.326,0.226,344.33,10.796,4.748
FU_DDR4_DQ57,2,0,53.6,39,48,1.31,4.17,94.51,30.505,0.213,324.393,10.196,4.475
FU_DDR4_DQ58,2,0,48,39,48,96.06,3.94,96.06,32.294,0.226,343.979,10.785,4.744
FU_DDR4_DQ59,2,0,53.6,39,48,1.31,4.16,94.53,30.578,0.214,325.196,10.22,4.486
FU_DDR4_DQ60,2,0,48,39,48,96.08,3.92,96.08,32.503,0.227,346.263,10.855,4.774
FU_DDR4_DQ61,2,0,53.6,39,48,1.3,4.14,94.55,30.712,0.215,326.66,10.266,4.506
FU_DDR4_DQ62,2,0,48,39,48,96.07,3.93,96.07,32.418,0.227,345.339,10.827,4.762
FU_DDR4_DQ63,2,0,53.6,39,48,1.3,4.14,94.56,30.751,0.215,327.089,10.279,4.511
FU_DDR4_DQ64,2,0,48,39,48,96.94,3.06,96.94,41.605,0.291,445.895,13.929,6.106
FU_DDR4_DQ65,2,0,63.3,39,48,1.05,3.32,95.63,38.306,0.268,409.782,12.86,5.61
FU_DDR4_DQ66,2,0,48,39,48,96.95,3.05,96.95,41.669,0.292,446.59,13.95,6.116
FU_DDR4_DQ67,2,0,63.3,39,48,1.03,3.29,95.68,38.741,0.271,414.548,13.007,5.673
FU_DDR4_DQ68,2,0,48,39,48,96.95,3.05,96.95,41.681,0.292,446.725,13.955,6.117
FU_DDR4_DQ69,2,0,63.3,39,48,1.03,3.29,95.68,38.743,0.271,414.562,13.007,5.674
FU_DDR4_DQ70,2,0,48,39,48,96.94,3.06,96.94,41.552,0.291,445.316,13.911,6.098
FU_DDR4_DQ71,2,0,63.3,39,48,1.03,3.29,95.68,38.714,0.271,414.244,12.997,5.669
FU_DDR4_DQ72,2,0,48,39,48,97.13,2.87,97.13,44.377,0.311,476.231,14.865,6.512
FU_DDR4_DQ73,2,0,63.3,39,48,0.96,3.05,95.99,41.732,0.292,447.278,14.016,6.111
FU_DDR4_DQ74,2,0,48,39,48,97.13,2.87,97.13,44.38,0.311,476.261,14.866,6.512
FU_DDR4_DQ75,2,0,63.3,39,48,1.16,3.05,95.8,41.774,0.293,447.745,14.04,6.114
FU_DDR4_DQ76,2,0,48,39,48,97.13,2.87,97.13,44.342,0.311,475.85,14.853,6.507
FU_DDR4_DQ77,2,0,63.3,39,48,2.88,3.05,94.07,41.793,0.293,447.951,14.127,6.093
FU_DDR4_DQ78,2,0,48,39,48,97.14,2.86,97.14,44.543,0.312,478.052,14.921,6.536
FU_DDR4_DQ79,2,0,63.3,39,48,0.97,3.07,95.97,41.47,0.291,444.408,13.928,6.073
FU_DDR4_DQS0_C,2,0,50.5,39,50.5,98.27,1.73,98.27,73.641,0.517,901.903,26.031,10.27
FU_DDR4_DQS0_T,2,0,50.5,39,50.5,98.27,1.73,98.27,73.594,0.516,901.316,26.014,10.263
FU_DDR4_DQS1_C,2,0,50.5,39,50.5,97.69,2.31,97.69,55.091,0.386,671.855,19.438,7.689
FU_DDR4_DQS1_T,2,0,50.5,39,50.5,97.69,2.31,97.69,55.094,0.386,671.899,19.439,7.69
FU_DDR4_DQS2_C,2,0,65.9,39,50.5,1.05,1.96,96.99,64.923,0.456,793.792,23.01,9.036
FU_DDR4_DQS2_T,2,0,65.9,39,50.5,0.34,1.96,97.7,64.924,0.456,793.794,22.957,9.05
FU_DDR4_DQS3_C,2,0,56.2,39,50.5,1.56,1.95,96.5,65.428,0.459,800.047,23.15,9.113
FU_DDR4_DQS3_T,2,0,56.2,39,50.5,3.2,1.95,94.85,65.362,0.458,799.229,23.167,9.088
FU_DDR4_DQS4_C,2,0,50.5,39,50.5,96.53,3.47,96.53,36.685,0.257,443.596,12.896,5.129
FU_DDR4_DQS4_T,2,0,50.5,39,50.5,96.52,3.48,96.52,36.578,0.256,442.265,12.858,5.114
FU_DDR4_DQS5_C,2,0,56.2,39,50.5,0.96,4.52,93.7,28.144,0.197,337.681,9.877,3.935
FU_DDR4_DQS5_T,2,0,56.2,39,50.5,0.8,4.51,93.99,28.252,0.198,339.016,9.913,3.951
FU_DDR4_DQS6_C,2,0,50.5,39,50.5,96.99,3.01,96.99,42.289,0.296,513.095,14.888,5.909
FU_DDR4_DQS6_T,2,0,50.5,39,50.5,96.99,3.01,96.99,42.317,0.297,513.446,14.898,5.913
FU_DDR4_DQS7_C,2,0,56.2,39,50.5,2.38,4.18,93.44,30.441,0.213,366.164,10.704,4.25
FU_DDR4_DQS7_T,2,0,56.2,39,50.5,1.4,4.17,94.44,30.544,0.214,367.443,10.73,4.269
FU_DDR4_DQS8_C,2,0,50.5,39,50.5,96.93,3.07,96.93,41.397,0.29,502.038,14.571,5.785
FU_DDR4_DQS8_T,2,0,50.5,39,50.5,96.93,3.07,96.93,41.52,0.291,503.563,14.615,5.802
FU_DDR4_DQS9_C,2,0,65.9,39,50.5,0.96,3.05,95.99,41.687,0.292,505.627,14.719,5.812
FU_DDR4_DQS9_T,2,0,65.9,39,50.5,0.96,3.06,95.98,41.574,0.291,504.232,14.679,5.797
